{
  "logloss": 0.6759593528325836,
  "auc": 0.485062787982496,
  "auc_flipped": 0.5149372120175041,
  "brier": 0.24136305708915995,
  "ece_p_up": 0.036589396768979876
}