{
  "logloss": 0.6507045440236627,
  "auc": 0.4795530828679415,
  "brier": 0.2290548347040271,
  "ece_p_up": 0.024169174791625003
}