{
  "logloss": 0.6630614670123631,
  "auc": 0.47443306820104936,
  "brier": 0.23452830332429453,
  "ece_p_up": 0.08181995159553118
}