{
  "multi_logloss": 0.7505072414181372,
  "balanced_acc": 0.3333333333333333,
  "brier_multi": 0.5095140844321374
}