{
  "logloss": 0.6905351844878213,
  "auc": 0.49037719517790845,
  "auc_flipped": 0.5096228048220915,
  "brier": 0.24869483148520563,
  "ece_p_up": 0.03695432307646235
}