{
  "logloss": 0.6877505352905952,
  "auc": 0.49463067826304596,
  "brier": 0.24730406194990565,
  "ece_p_up": 0.008623174602884365
}