{
  "logloss": 0.6524072079830608,
  "auc": 0.4795530828679415,
  "brier": 0.22981080101271406,
  "ece_p_up": 0.05769637185389323
}