alpha,qbuf,Gate_CAGR,Gate_MDD,Gate_Calmar_eps,Rand_CAGR,Rand_MDD,Rand_Calmar_eps,All_CAGR,All_MDD,All_Calmar_eps
0.9,0.0,0.2679097200076741,0.024725706132234737,12.74388239818065,0.2555073045739501,0.03008887037328234,9.274996167348924,0.2791761305102586,0.04106310779739164,6.457795218419382
