{
  "logloss": 0.6898787750671637,
  "auc": 0.49037719517790845,
  "auc_flipped": 0.5096228048220915,
  "brier": 0.24836702383611262,
  "ece_p_up": 0.03221445682988497
}