{
  "alpha": 0.9,
  "q_mae_median_abs_err": 0.0349839896061011,
  "coverage_val": 0.8844036697247707,
  "coverage_test": 0.8504398826979472
}