{
  "logloss": 13.785532523258858,
  "auc": 0.5,
  "auc_flipped": 0.5,
  "brier": 0.39912280701754305,
  "ece_p_up": 0.3991228070175429
}