{
  "logloss": 0.6759593528325836,
  "auc": 0.4848578023760506,
  "auc_flipped": 0.5151421976239495,
  "brier": 0.24136305708916,
  "ece_p_up": 0.036589396768979765
}